<xml xmlns="http://www.w3.org/1999/xhtml">
  <block type="initializes_setup" id="13" x="88" y="38">
    <statement name="CONTENT">
      <block type="serial_init" id="14">
        <field name="SPEED">115200</field>
        <next>
          <block type="linkit_wifi_wait_until_ready" id="15" inline="false">
            <value name="SSID">
              <block type="text" id="16">
                <field name="TEXT">MakerLab_2.4G</field>
              </block>
            </value>
            <value name="PASSWORD">
              <block type="text" id="17">
                <field name="TEXT">53574722</field>
              </block>
            </value>
            <next>
              <block type="adafruitio_connect" id="18" inline="false">
                <value name="USERNAME">
                  <block type="text" id="19">
                    <field name="TEXT">Zack_Huang</field>
                  </block>
                </value>
                <value name="AIOKEY">
                  <block type="text" id="20">
                    <field name="TEXT">aio_eYRL29FuoiXnC6D0LMnWVPJBRor7</field>
                  </block>
                </value>
                <value name="DEVICEID">
                  <block type="text" id="21">
                    <field name="TEXT">icshop</field>
                  </block>
                </value>
                <next>
                  <block type="variables_set" id="22" inline="true">
                    <field name="TYPE">Unsigned_Long</field>
                    <field name="VAR">time</field>
                    <value name="VALUE">
                      <block type="math_number" id="23">
                        <field name="NUM">0</field>
                      </block>
                    </value>
                  </block>
                </next>
              </block>
            </next>
          </block>
        </next>
      </block>
    </statement>
    <next>
      <block type="initializes_loop" id="24">
        <statement name="CONTENT">
          <block type="adafruitio_handle" id="25">
            <next>
              <block type="controls_if" id="26" inline="false">
                <value name="IF0">
                  <block type="logic_compare" id="27" inline="true">
                    <field name="OP">GTE</field>
                    <value name="A">
                      <block type="millis" id="28"></block>
                    </value>
                    <value name="B">
                      <block type="variables_get" id="29">
                        <field name="TYPE">Unsigned_Long</field>
                        <field name="VAR">time</field>
                      </block>
                    </value>
                  </block>
                </value>
                <statement name="DO0">
                  <block type="variables_set" id="30" inline="true">
                    <field name="TYPE">Unsigned_Long</field>
                    <field name="VAR">time</field>
                    <value name="VALUE">
                      <block type="math_arithmetic" id="31" inline="true">
                        <field name="OP">ADD</field>
                        <value name="A">
                          <block type="millis" id="32"></block>
                        </value>
                        <value name="B">
                          <block type="math_number" id="33">
                            <field name="NUM">10000</field>
                          </block>
                        </value>
                      </block>
                    </value>
                    <next>
                      <block type="variables_set" id="34" inline="true">
                        <field name="TYPE">Number</field>
                        <field name="VAR">t</field>
                        <value name="VALUE">
                          <block type="millis" id="35"></block>
                        </value>
                        <next>
                          <block type="serial_println" id="36" inline="false">
                            <value name="CONTENT">
                              <block type="text_join" id="37" inline="false">
                                <mutation items="2"></mutation>
                                <value name="ADD0">
                                  <block type="text" id="38">
                                    <field name="TEXT">publish time=</field>
                                  </block>
                                </value>
                                <value name="ADD1">
                                  <block type="variables_get" id="39">
                                    <field name="TYPE">Unsigned_Long</field>
                                    <field name="VAR">t</field>
                                  </block>
                                </value>
                              </block>
                            </value>
                            <next>
                              <block type="adafruitio_update_sensor" id="40" inline="true">
                                <value name="SENSOR_ID">
                                  <block type="text" id="41">
                                    <field name="TEXT">time</field>
                                  </block>
                                </value>
                                <value name="SET_VALUE">
                                  <block type="variables_get" id="42">
                                    <field name="TYPE">Unsigned_Long</field>
                                    <field name="VAR">t</field>
                                  </block>
                                </value>
                              </block>
                            </next>
                          </block>
                        </next>
                      </block>
                    </next>
                  </block>
                </statement>
              </block>
            </next>
          </block>
        </statement>
      </block>
    </next>
  </block>
  <block type="adafruitio_event" id="43" inline="true" x="88" y="638">
    <value name="SENSOR_ID">
      <block type="text" id="44">
        <field name="TEXT">led</field>
      </block>
    </value>
    <statement name="CONTENT">
      <block type="serial_println" id="45" inline="false">
        <value name="CONTENT">
          <block type="text_join" id="46" inline="false">
            <mutation items="2"></mutation>
            <value name="ADD0">
              <block type="text" id="47">
                <field name="TEXT">led=</field>
              </block>
            </value>
            <value name="ADD1">
              <block type="adafruitio_received_msg" id="48"></block>
            </value>
          </block>
        </value>
        <next>
          <block type="controls_if" id="49" inline="false">
            <mutation else="1"></mutation>
            <value name="IF0">
              <block type="logic_compare" id="50" inline="true">
                <field name="OP">EQ</field>
                <value name="A">
                  <block type="adafruitio_received_msg" id="51"></block>
                </value>
                <value name="B">
                  <block type="text" id="52">
                    <field name="TEXT">ON</field>
                  </block>
                </value>
              </block>
            </value>
            <statement name="DO0">
              <block type="inout_buildin_led" id="53">
                <field name="STAT">HIGH</field>
              </block>
            </statement>
            <statement name="ELSE">
              <block type="inout_buildin_led" id="54">
                <field name="STAT">LOW</field>
              </block>
            </statement>
          </block>
        </next>
      </block>
    </statement>
  </block>
</xml>